[
  {
    "constant": false,
    "inputs": [
      {
        "name": "secret",
        "type": "bytes32"
      }
    ],
    "name": "registerSecret",
    "outputs": [
      {
        "name": "",
        "type": "bool"
      }
    ],
    "payable": false,
    "stateMutability": "nonpayable",
    "type": "function"
  },
  {
    "constant": true,
    "inputs": [],
    "name": "contract_version",
    "outputs": [
      {
        "name": "",
        "type": "string"
      }
    ],
    "payable": false,
    "stateMutability": "view",
    "type": "function"
  },
  {
    "constant": false,
    "inputs": [
      {
        "name": "secrets",
        "type": "bytes32[]"
      }
    ],
    "name": "registerSecretBatch",
    "outputs": [
      {
        "name": "",
        "type": "bool"
      }
    ],
    "payable": false,
    "stateMutability": "nonpayable",
    "type": "function"
  },
  {
    "constant": true,
    "inputs": [
      {
        "name": "secrethash",
        "type": "bytes32"
      }
    ],
    "name": "getSecretRevealBlockHeight",
    "outputs": [
      {
        "name": "",
        "type": "uint256"
      }
    ],
    "payable": false,
    "stateMutability": "view",
    "type": "function"
  },
  {
    "anonymous": false,
    "inputs": [
      {
        "indexed": true,
        "name": "secrethash",
        "type": "bytes32"
      },
      {
        "indexed": false,
        "name": "secret",
        "type": "bytes32"
      }
    ],
    "name": "SecretRevealed",
    "type": "event"
  }
]