{ "contracts_version": "0.4.0", "chain_id": 4, "contracts": { "EndpointRegistry": { "address": "0x73F77285E154FD681D7E3145DE399E7Ad9BeC702", "transaction_hash": "0xcbb7c7fdf9f3c9f078aca2ebba971df88e9965894ba76526284c5326b41a6372", "block_number": 3172536, "gas_cost": 590219, "constructor_arguments": [] }, "SecretRegistry": { "address": "0x3324D3e5e7478F4Dc332BDEeF3b3180d3C975762", "transaction_hash": "0x4c4322070629a7cc82b0a4c2942da105d83045cfc27b3c4e8e352f9658002bcc", "block_number": 3172537, "gas_cost": 332473, "constructor_arguments": [] }, "TokenNetworkRegistry": { "address": "0xCa0eD1b8EC7b8bcD9689d22790A44C0f5e53b0ed", "transaction_hash": "0xe05e4fcfb8d492c6e6ecca367a5eac256f898ae27d4ee5954f381431d7b5a114", "block_number": 3172538, "gas_cost": 4950722, "constructor_arguments": ["0x3324D3e5e7478F4Dc332BDEeF3b3180d3C975762", 4, 500, 555428] } } }
