{ "contracts_version": "0.4.0", "chain_id": 5, "contracts": { "EndpointRegistry": { "address": "0xDc2c21086D77292460269E9BB3e0b8FaB9CE69d1", "transaction_hash": "0xfce414526a19e79382c176fcb001a437dbcec87b3a9b5b7a9292a888a9faa963", "block_number": 422957, "gas_cost": 590219, "constructor_arguments": [] }, "SecretRegistry": { "address": "0x95AF54f9cCDF066571445d25D77019f9BaE0Dc0e", "transaction_hash": "0x72aa348f95018f84386d486bdde65166143bcf1889536529d6283b1a16bd7367", "block_number": 422958, "gas_cost": 332473, "constructor_arguments": [] }, "TokenNetworkRegistry": { "address": "0x0B4d768c3abeEd6f4901468482544730B49Bf41D", "transaction_hash": "0x23cb492560ca9c5d3d7b8b4b27199f73dfd596722d7571bd996f1fc7afadd8da", "block_number": 422959, "gas_cost": 4950722, "constructor_arguments": ["0x95AF54f9cCDF066571445d25D77019f9BaE0Dc0e", 5, 500, 555428] } } }
