{"contracts_version": "0.3._", "chain_id": 4, "contracts": {"EndpointRegistry": {"address": "0xAbf1FbD40fe69A3CE56692f1bB25628Bea3cb86e", "transaction_hash": "0x1c5474a945797d7667ac8c654fbcd57941ba14e3d55bccc86b90ba275800a3b3", "block_number": 3142021, "gas_cost": 590283, "constructor_arguments": []}, "SecretRegistry": {"address": "0xDDc8E877Dfd5773141C09117d12F7CAa9eF31ef6", "transaction_hash": "0x1dbead8e15a41cce04656cf6df07b061a81ade92a8bd900be848659f83b28ee3", "block_number": 3142022, "gas_cost": 332473, "constructor_arguments": []}, "TokenNetworkRegistry": {"address": "0xE4769320245E4DeEAE5e816C9A827098B2988ef8", "transaction_hash": "0x21858747a7883f7785481352615076586faf36f67b8fab84a30bbf29c59b8861", "block_number": 3142023, "gas_cost": 5718316, "constructor_arguments": ["0xDDc8E877Dfd5773141C09117d12F7CAa9eF31ef6", 4, 500, 555428]}}}
