{"contracts_version": "0.4.0", "chain_id": 3, "contracts": {"EndpointRegistry": {"address": "0x8DB433a27F8be1d38f316e44441c381b5746f8fe", "transaction_hash": "0xc2f74206fce963ddc386dc28dd524e7c7715c56e98387989f37921278294f845", "block_number": 4236248, "gas_cost": 590219, "constructor_arguments": []}, "SecretRegistry": {"address": "0xd97b443B69307E771AD2dDaA4bA1458B84d7b60b", "transaction_hash": "0x58cd4ae561c8d9047c89a5142f9fc719725b027f0a82fb8cd6423f923a0f601f", "block_number": 4236255, "gas_cost": 332473, "constructor_arguments": []}, "TokenNetworkRegistry": {"address": "0x40a5D15fD98b9a351855D64daa9bc621F400cbc5", "transaction_hash": "0x368fb55258310a29194ffa13e98058a3f79da91583776d70d2e507940ee00203", "block_number": 4236264, "gas_cost": 4950722, "constructor_arguments": ["0xd97b443B69307E771AD2dDaA4bA1458B84d7b60b", 3, 500, 555428]}}}
