{"contracts_version": "0.4.0", "chain_id": 42, "contracts": {"EndpointRegistry": {"address": "0xe33Ce65F51CdBbaae4209dD349108A5bd3a1466B", "transaction_hash": "0x592c3a03d3202f094d8ba210ef4e6acdab77275704f96c14e2447962514ad8c3", "block_number": 9096765, "gas_cost": 590219, "constructor_arguments": []}, "SecretRegistry": {"address": "0xCeea31D4Ead6827D64a98DAf745BDc4168c7B2a8", "transaction_hash": "0xb102f5ced254949523d4b1f484e1fec601e97f3d89b292fe9558c577a005ba01", "block_number": 9096765, "gas_cost": 332473, "constructor_arguments": []}, "TokenNetworkRegistry": {"address": "0x40bC6AA6514D8b6a3E169e62816385721A594E92", "transaction_hash": "0xec6821daa34a502a1a68b4e6cad1480a948cf154cfc643e54e8fffee502defa1", "block_number": 9096766, "gas_cost": 4950722, "constructor_arguments": ["0xCeea31D4Ead6827D64a98DAf745BDc4168c7B2a8", 42, 500, 555428]}}}
