[
    {
        "constant": true,
        "inputs": [
            {
                "name": "",
                "type": "address"
            }
        ],
        "name": "token_to_token_networks",
        "outputs": [
            {
                "name": "",
                "type": "address"
            }
        ],
        "payable": false,
        "stateMutability": "view",
        "type": "function"
    },
    {
        "constant": true,
        "inputs": [],
        "name": "settlement_timeout_max",
        "outputs": [
            {
                "name": "",
                "type": "uint256"
            }
        ],
        "payable": false,
        "stateMutability": "view",
        "type": "function"
    },
    {
        "constant": true,
        "inputs": [],
        "name": "deprecation_executor",
        "outputs": [
            {
                "name": "",
                "type": "address"
            }
        ],
        "payable": false,
        "stateMutability": "view",
        "type": "function"
    },
    {
        "constant": true,
        "inputs": [],
        "name": "chain_id",
        "outputs": [
            {
                "name": "",
                "type": "uint256"
            }
        ],
        "payable": false,
        "stateMutability": "view",
        "type": "function"
    },
    {
        "constant": false,
        "inputs": [
            {
                "name": "_token_address",
                "type": "address"
            }
        ],
        "name": "createERC20TokenNetwork",
        "outputs": [
            {
                "name": "token_network_address",
                "type": "address"
            }
        ],
        "payable": false,
        "stateMutability": "nonpayable",
        "type": "function"
    },
    {
        "constant": true,
        "inputs": [
            {
                "name": "contract_address",
                "type": "address"
            }
        ],
        "name": "contractExists",
        "outputs": [
            {
                "name": "",
                "type": "bool"
            }
        ],
        "payable": false,
        "stateMutability": "view",
        "type": "function"
    },
    {
        "constant": true,
        "inputs": [],
        "name": "contract_version",
        "outputs": [
            {
                "name": "",
                "type": "string"
            }
        ],
        "payable": false,
        "stateMutability": "view",
        "type": "function"
    },
    {
        "constant": true,
        "inputs": [],
        "name": "token_network_created",
        "outputs": [
            {
                "name": "",
                "type": "bool"
            }
        ],
        "payable": false,
        "stateMutability": "view",
        "type": "function"
    },
    {
        "constant": true,
        "inputs": [],
        "name": "settlement_timeout_min",
        "outputs": [
            {
                "name": "",
                "type": "uint256"
            }
        ],
        "payable": false,
        "stateMutability": "view",
        "type": "function"
    },
    {
        "constant": true,
        "inputs": [],
        "name": "secret_registry_address",
        "outputs": [
            {
                "name": "",
                "type": "address"
            }
        ],
        "payable": false,
        "stateMutability": "view",
        "type": "function"
    },
    {
        "inputs": [
            {
                "name": "_secret_registry_address",
                "type": "address"
            },
            {
                "name": "_chain_id",
                "type": "uint256"
            },
            {
                "name": "_settlement_timeout_min",
                "type": "uint256"
            },
            {
                "name": "_settlement_timeout_max",
                "type": "uint256"
            }
        ],
        "payable": false,
        "stateMutability": "nonpayable",
        "type": "constructor"
    },
    {
        "anonymous": false,
        "inputs": [
            {
                "indexed": true,
                "name": "token_address",
                "type": "address"
            },
            {
                "indexed": true,
                "name": "token_network_address",
                "type": "address"
            }
        ],
        "name": "TokenNetworkCreated",
        "type": "event"
    }
]
